<?xml version="1.0" encoding="ISO-8859-15"?>
<uc-export clientvers="10.0.0+hf.3.build.312">
<CONN_CIT client="0100" name="CONN.SERVICENOW.REST" system="AUTOMIC">
<HEADER state="1">
<Title>Connection Object for the ServiceNow REST Demo environment</Title>
<Created>jenn pm on: 2013-09-03 16:52:14</Created>
<Modified>becky pm on: 2013-10-17 13:32:49      9 x</Modified>
<LastUsed/>
<ArchiveKey1/>
<ArchiveKey2/>
<OH_SubType/>
</HEADER>
<CONN_CIT state="1">
<citcont agentname="" jobtype="WEBSERVICE" text="REST">
<cit cittype="4" icon="" id="" subtype="RESTCONNECTION" text="REST">
<component con="0" enc="0" type="4" value="Basic" xmlName="authMethod"/>
<component con="0" enc="0" type="4" value="" xmlName="basicHost"/>
<component con="0" enc="0" type="4" value="" xmlName="basicPort"/>
<component con="0" enc="0" type="4" value="" xmlName="basicRealm"/>
<component con="0" enc="0" type="4" value="30" xmlName="connectTimeout"/>
<component con="0" enc="0" type="4" value="false" xmlName="followRedirects"/>
<component con="0" enc="2" type="4" value="" xmlName="password"/>
<component con="0" enc="0" type="4" value="" xmlName="proxyAuthMethod"/>
<component con="0" enc="2" type="4" value="" xmlName="proxyPassword"/>
<component con="0" enc="0" type="4" value="" xmlName="proxyPort"/>
<component con="0" enc="0" type="4" value="" xmlName="proxyServer"/>
<component con="0" enc="0" type="4" value="None" xmlName="proxyServerType"/>
<component con="0" enc="0" type="4" value="" xmlName="proxyUser"/>
<component con="0" enc="0" type="4" value="incident" xmlName="resources_0_0"/>
<component con="0" enc="0" type="4" value="incident.do" xmlName="resources_0_1"/>
<component con="0" enc="0" type="4" value="problem" xmlName="resources_1_0"/>
<component con="0" enc="0" type="4" value="problem.do" xmlName="resources_1_1"/>
<component con="0" enc="0" type="4" value="change" xmlName="resources_2_0"/>
<component con="0" enc="0" type="4" value="change.do" xmlName="resources_2_1"/>
<component con="0" enc="0" type="4" value="service_desk_request.do" xmlName="resources_3_0"/>
<component con="0" enc="0" type="4" value="service_desk_request" xmlName="resources_3_1"/>
<component con="0" enc="0" type="4" value="60" xmlName="responseTimeout"/>
<component con="0" enc="0" type="4" value="true" xmlName="usePreemptiveAuth"/>
<component con="0" enc="0" type="4" value="admin" xmlName="user"/>
<component con="0" enc="0" type="4" value="https://demo010.service-now.com/" xmlName="webserviceEndpoint"/>
</cit>
</citcont>
</CONN_CIT>
<DOCU_Docu state="1" type="text">
<DOC/>
</DOCU_Docu>
</CONN_CIT>
<JOBP AllowExternal="1" client="0100" name="SERVICENOW.CREATE.AND.UPDATE" system="AUTOMIC">
<XHEADER state="1">
<Title>SERVICENOW.CREATE.AND.UPDATE</Title>
<Created>jenn pm on: 2013-09-03 16:52:15</Created>
<Modified>jenn pm on: 2013-09-03 16:52:15      1 x</Modified>
<LastUsed/>
<ArchiveKey1/>
<ArchiveKey2/>
<ExtRepDef>1</ExtRepDef>
<ExtRepAll>0</ExtRepAll>
<ExtRepNone>0</ExtRepNone>
<Active>1</Active>
<OH_SubType/>
</XHEADER>
<SYNCREF state="1">
<Syncs/>
</SYNCREF>
<ATTR_JOBP state="1">
<Queue>CLIENT_QUEUE</Queue>
<ChildQueue/>
<StartType/>
<IntAccount/>
<AutoDeactNo>0</AutoDeactNo>
<AutoDeact1ErrorFree>0</AutoDeact1ErrorFree>
<AutoDeactErrorFree>1</AutoDeactErrorFree>
<DeactWhen/>
<AutoDeactAlways>0</AutoDeactAlways>
<DeactDelay>0</DeactDelay>
<ActAtRun>0</ActAtRun>
<UC4Priority>0</UC4Priority>
<MaxParallel2>0</MaxParallel2>
<ReuseHG>1</ReuseHG>
<MpElse1>1</MpElse1>
<MpElse2>0</MpElse2>
<TZ/>
<RWhen/>
<RExecute/>
<JPA_SubType/>
</ATTR_JOBP>
<JOBP state="1">
<JobpStruct mode="design">
<task Alias="" BranchType="0" Col="1" Idnr="0" Lnr="1" OH_TITLE="" OType="&lt;START&gt;" Object="START" ParentAlias="" ParentObject="" Row="1" State="" Text1="" Text2="" Text3="&lt;START&gt;" Text4="" Text5="" Text6="" runid="0" subType="" taskicon="&lt;START&gt;">
<checkpoint RollbackFlag="0" RunPerPatch="0" RunPerTarget="0" TcpADays="0" TcpATime="00:00" TcpATimeTZ="" TcpExecute="" TcpOn="0" promptatgen="0" showprompt="0"/>
<after ActFlg="1" AtimOn="0" ErlstStDays="0" ErlstStTime="00:00" ErlstStTimeTZ="" HoldFlg="0"/>
<when ChkWhenExec="0" LtstEnd="0" LtstEndDays="0" LtstEndTime="00:00" LtstSt="0" LtstStDays="0" LtstStTime="00:00" LtstTimeTZ="" WCTypeAND="1" WCTypeOR="0" WElseA="0" WElseH="0" WElseS="1" WElseX="0" WhenExecute="" WtimOn="0"/>
<preconditions CCTypeOne="1" CaleOn="0">
<PreCon>
<conditions id="CONDITIONS"/>
</PreCon>
</preconditions>
<predecessors/>
<runtime MrtCancel="0" MrtDays="0" MrtErt="0" MrtExecute="0" MrtExecuteObj="" MrtFix="0" MrtMethodDate="0" MrtMethodErt="0" MrtMethodFix="0" MrtMethodNone="1" MrtOn="1" MrtTZ="" MrtTime="00:00" SrtErt="0" SrtFix="0" SrtMethodErt="0" SrtMethodFix="0" SrtMethodNone="1"/>
<result ChkRExec="0" RElseHalt="0" RElseIgn="0" RElseJPAbend="0" RExecFlag="0" RExecute="" RRepMTimes="0" RRepOn="0" RRepWait="0" RWhen=""/>
<dynvalues>
<dyntree CCTypeOne="1" CaleOn="0">
<node content="1" id="VALUE" name="Variables" parent="" type="TASKVALUE">
<VALUE state="2">
<Values/>
<Mode>0</Mode>
</VALUE>
</node>
<node content="1" id="PVALUE" name="Parent Variables" parent="" type="TASKVALUE">
<VALUE state="2">
<Values/>
<Mode>0</Mode>
</VALUE>
</node>
<node content="1" id="PRPTS" name="PromptSets" parent="" pref="1" type="PROMPTSET"/>
<node content="0" id="PPRPTS" name="Parent PromptSets" parent="" type="PPROMPTSET"/>
</dyntree>
</dynvalues>
<CIT CCTypeOne="1" CaleOn="0"/>
<calendars CCTypeAll="0" CCTypeExt="0" CCTypeNone="0" CCTypeOne="1" CaleOn="0"/>
<postconditions CCTypeOne="1" CaleOn="0">
<PostCon>
<conditions id="CONDITIONS"/>
</PostCon>
</postconditions>
</task>
<task Alias="CREATE" BranchType="0" Col="2" Idnr="1033675" Lnr="2" OH_TITLE="servicenow.job.Insert.Incident" OType="JOBS" Object="SERVICENOW.CREATE.INCIDENT" ParentAlias="" ParentObject="" Row="1" State="" Text1="" Text2="" Text3="RA_WEBSERVICE_3|cit_s:_jobs_l" Text4="" Text5="" Text6="" runid="0" subType="" taskicon="RA_WEBSERVICE_3|cit_s:_jobs_l">
<checkpoint RollbackFlag="1" RunPerPatch="0" RunPerTarget="0" TcpADays="0" TcpATime="00:00" TcpATimeTZ="" TcpExecute="" TcpOn="0" promptatgen="0" showprompt="0"/>
<after ActFlg="1" AtimOn="0" ErlstStDays="0" ErlstStTime="00:00" ErlstStTimeTZ="" HoldFlg="0"/>
<when ChkWhenExec="0" LtstEnd="0" LtstEndDays="0" LtstEndTime="00:00" LtstSt="0" LtstStDays="0" LtstStTime="00:00" LtstTimeTZ="" WCTypeAND="1" WCTypeOR="0" WElseA="0" WElseH="1" WElseS="0" WElseX="0" WhenExecute="" WtimOn="0"/>
<preconditions CCTypeOne="1" CaleOn="0">
<PreCon>
<conditions id="CONDITIONS"/>
</PreCon>
</preconditions>
<predecessors>
<pre BranchType="0" Lnr="1" PreLnr="1" When="" type="container"/>
</predecessors>
<runtime MrtCancel="0" MrtDays="0" MrtErt="0" MrtExecute="0" MrtExecuteObj="" MrtFix="0" MrtMethodDate="0" MrtMethodErt="0" MrtMethodFix="0" MrtMethodNone="1" MrtOn="1" MrtTZ="" MrtTime="00:00" SrtErt="0" SrtFix="0" SrtMethodErt="0" SrtMethodFix="0" SrtMethodNone="1"/>
<result ChkRExec="0" RElseHalt="1" RElseIgn="0" RElseJPAbend="0" RExecFlag="0" RExecute="" RRepMTimes="0" RRepOn="0" RRepWait="0" RWhen=""/>
<dynvalues>
<dyntree CCTypeOne="1" CaleOn="0">
<node content="1" id="VALUE" name="Variables" parent="" type="TASKVALUE">
<VALUE state="2">
<Values/>
<Mode>0</Mode>
</VALUE>
</node>
<node content="1" id="PVALUE" name="Parent Variables" parent="" type="TASKVALUE">
<VALUE state="2">
<Values/>
<Mode>0</Mode>
</VALUE>
</node>
<node content="1" id="PRPTS" name="PromptSets" parent="" pref="1" type="PROMPTSET"/>
<node content="0" id="PPRPTS" name="Parent PromptSets" parent="" type="PPROMPTSET"/>
</dyntree>
</dynvalues>
<CIT>
<citcont agentname="RA_WEBSERVICE_3" jobtype="WEBSERVICE" text="Web Service">
<cit cittype="2" icon="" id="" subtype="REST" text="REST Web Service">
<component con="0" enc="0" type="2" value="WebService" xmlName="componentName"/>
<component con="0" enc="0" type="2" value="" xmlName="connectTimeout"/>
<component con="0" enc="0" type="2" value="" xmlName="curl"/>
<component con="0" enc="0" type="2" value="false" xmlName="isCurl"/>
<component con="0" enc="0" type="2" value="false" xmlName="jobHeaders"/>
<component con="0" enc="0" type="2" value="false" xmlName="jobQuery"/>
<component con="0" enc="0" type="2" value="application/json" xmlName="mediaType"/>
<component con="0" enc="0" type="2" value="POST" xmlName="method"/>
<component con="0" enc="0" type="2" value="false" xmlName="multiPart"/>
<component con="0" enc="0" type="2" value="false" xmlName="multiPartResp"/>
<component con="0" enc="0" type="2" value="JSON" xmlName="query_0_0"/>
<component con="0" enc="0" type="2" value="" xmlName="query_0_1"/>
<component con="0" enc="0" type="2" value="" xmlName="request_part_0_file"/>
<component con="0" enc="0" type="2" value="application/json" xmlName="request_part_0_mediaType"/>
<component con="0" enc="0" type="2" value="text" xmlName="request_part_0_requestDataSource"/>
<component con="0" enc="0" type="2" value="A{&quot;sysparm_action&quot;:&quot;insert&quot;,&quot;short_description&quot;:&quot;this is a test&quot;,&quot;priority&quot;:&quot;1&quot;}" xmlName="request_part_0_requestTab_data_1"/>
<component con="0" enc="0" type="2" value="true" xmlName="requestReports"/>
<component con="0" enc="0" type="2" value="incident.do" xmlName="resource"/>
<component con="0" enc="0" type="2" value="" xmlName="response_part_0_file"/>
<component con="0" enc="0" type="2" value="$.records[0].sys_id" xmlName="response_part_0_script_0_code_0"/>
<component con="0" enc="0" type="2" value="JSONPath" xmlName="response_part_0_script_0_queryType"/>
<component con="0" enc="0" type="2" value="Sysid" xmlName="response_part_0_script_0_resourceName"/>
<component con="0" enc="0" type="2" value="variable" xmlName="response_part_0_script_0_saveTo"/>
<component con="0" enc="0" type="2" value="true" xmlName="responseReport"/>
<component con="0" enc="0" type="2" value="" xmlName="responseTimeout"/>
<component con="0" enc="0" type="2" value="true" xmlName="responseToJobLog"/>
<component con="1" enc="0" type="2" value="CONN.SERVICENOW.REST" xmlName="restConnection"/>
<component con="0" enc="0" type="2" value="REST" xmlName="runType"/>
<component con="0" enc="0" type="2" value="" xmlName="showGeneralJobPanel"/>
<component con="0" enc="0" type="2" value="false" xmlName="tracePerformance"/>
</cit>
<cit cittype="3" icon="" id="" subtype="GENERALJOBPANELDEF" text="General Job Panel"/>
</citcont>
</CIT>
<calendars CCTypeAll="0" CCTypeExt="0" CCTypeNone="0" CCTypeOne="1" CaleOn="0"/>
<postconditions CCTypeOne="1" CaleOn="0">
<PostCon>
<conditions id="CONDITIONS"/>
</PostCon>
</postconditions>
</task>
<task Alias="UPDATE" BranchType="0" Col="3" Idnr="1033681" Lnr="3" OH_TITLE="servicenow.Incident.UPDATE" OType="JOBS" Object="SERVICENOW.INCIDENT.UPDATE" ParentAlias="" ParentObject="" Row="1" State="" Text1="" Text2="" Text3="RA_WEBSERVICE_3|cit_s:_jobs_l" Text4="" Text5="" Text6="" runid="0" subType="" taskicon="RA_WEBSERVICE_3|cit_s:_jobs_l">
<checkpoint RollbackFlag="1" RunPerPatch="0" RunPerTarget="0" TcpADays="0" TcpATime="00:00" TcpATimeTZ="" TcpExecute="" TcpOn="0" promptatgen="0" showprompt="0"/>
<after ActFlg="1" AtimOn="0" ErlstStDays="0" ErlstStTime="00:00" ErlstStTimeTZ="" HoldFlg="0"/>
<when ChkWhenExec="0" LtstEnd="0" LtstEndDays="0" LtstEndTime="00:00" LtstSt="0" LtstStDays="0" LtstStTime="00:00" LtstTimeTZ="" WCTypeAND="1" WCTypeOR="0" WElseA="0" WElseH="1" WElseS="0" WElseX="0" WhenExecute="" WtimOn="0"/>
<preconditions CCTypeOne="1" CaleOn="0">
<PreCon>
<conditions id="CONDITIONS"/>
</PreCon>
</preconditions>
<predecessors>
<pre BranchType="0" Lnr="1" PreLnr="2" When="" type="container"/>
</predecessors>
<runtime MrtCancel="0" MrtDays="0" MrtErt="0" MrtExecute="0" MrtExecuteObj="" MrtFix="0" MrtMethodDate="0" MrtMethodErt="0" MrtMethodFix="0" MrtMethodNone="1" MrtOn="1" MrtTZ="" MrtTime="00:00" SrtErt="0" SrtFix="0" SrtMethodErt="0" SrtMethodFix="0" SrtMethodNone="1"/>
<result ChkRExec="0" RElseHalt="1" RElseIgn="0" RElseJPAbend="0" RExecFlag="0" RExecute="" RRepMTimes="0" RRepOn="0" RRepWait="0" RWhen=""/>
<dynvalues>
<dyntree CCTypeOne="1" CaleOn="0">
<node content="1" id="VALUE" name="Variables" parent="" type="TASKVALUE">
<VALUE state="2">
<Values/>
<Mode>0</Mode>
</VALUE>
</node>
<node content="1" id="PVALUE" name="Parent Variables" parent="" type="TASKVALUE">
<VALUE state="2">
<Values/>
<Mode>0</Mode>
</VALUE>
</node>
<node content="1" id="PRPTS" name="PromptSets" parent="" pref="1" type="PROMPTSET"/>
<node content="0" id="PPRPTS" name="Parent PromptSets" parent="" type="PPROMPTSET"/>
</dyntree>
</dynvalues>
<CIT>
<citcont agentname="RA_WEBSERVICE_3" jobtype="WEBSERVICE" text="Web Service">
<cit cittype="2" icon="" id="" subtype="REST" text="REST Web Service">
<component con="0" enc="0" type="2" value="WebService" xmlName="componentName"/>
<component con="0" enc="0" type="2" value="" xmlName="connectTimeout"/>
<component con="0" enc="0" type="2" value="" xmlName="curl"/>
<component con="0" enc="0" type="2" value="false" xmlName="isCurl"/>
<component con="0" enc="0" type="2" value="false" xmlName="jobHeaders"/>
<component con="0" enc="0" type="2" value="false" xmlName="jobQuery"/>
<component con="0" enc="0" type="2" value="application/json" xmlName="mediaType"/>
<component con="0" enc="0" type="2" value="POST" xmlName="method"/>
<component con="0" enc="0" type="2" value="false" xmlName="multiPart"/>
<component con="0" enc="0" type="2" value="false" xmlName="multiPartResp"/>
<component con="0" enc="0" type="2" value="JSON" xmlName="query_0_0"/>
<component con="0" enc="0" type="2" value="" xmlName="query_0_1"/>
<component con="0" enc="0" type="2" value="sysparm_query" xmlName="query_1_0"/>
<component con="0" enc="0" type="2" value="sys_id=&amp;Sys_Id" xmlName="query_1_1"/>
<component con="0" enc="0" type="2" value="sysparm_action" xmlName="query_2_0"/>
<component con="0" enc="0" type="2" value="update" xmlName="query_2_1"/>
<component con="0" enc="0" type="2" value="" xmlName="request_part_0_file"/>
<component con="0" enc="0" type="2" value="application/json" xmlName="request_part_0_mediaType"/>
<component con="0" enc="0" type="2" value="text" xmlName="request_part_0_requestDataSource"/>
<component con="0" enc="0" type="2" value="A{&quot;short_description&quot;:&quot;updated by a job and priority dropped to 3&quot;,&quot;priority&quot;:&quot;3&quot;}" xmlName="request_part_0_requestTab_data_1"/>
<component con="0" enc="0" type="2" value="true" xmlName="requestReports"/>
<component con="0" enc="0" type="2" value="incident.do" xmlName="resource"/>
<component con="0" enc="0" type="2" value="" xmlName="response_part_0_file"/>
<component con="0" enc="0" type="2" value="true" xmlName="responseReport"/>
<component con="0" enc="0" type="2" value="" xmlName="responseTimeout"/>
<component con="0" enc="0" type="2" value="true" xmlName="responseToJobLog"/>
<component con="1" enc="0" type="2" value="CONN.SERVICENOW.REST" xmlName="restConnection"/>
<component con="0" enc="0" type="2" value="REST" xmlName="runType"/>
<component con="0" enc="0" type="2" value="" xmlName="showGeneralJobPanel"/>
<component con="0" enc="0" type="2" value="false" xmlName="tracePerformance"/>
</cit>
<cit cittype="3" icon="" id="" subtype="GENERALJOBPANELDEF" text="General Job Panel"/>
</citcont>
</CIT>
<calendars CCTypeAll="0" CCTypeExt="0" CCTypeNone="0" CCTypeOne="1" CaleOn="0"/>
<postconditions CCTypeOne="1" CaleOn="0">
<PostCon>
<conditions id="CONDITIONS"/>
</PostCon>
</postconditions>
</task>
<task Alias="" BranchType="0" Col="4" Idnr="0" Lnr="4" OH_TITLE="" OType="&lt;END&gt;" Object="END" ParentAlias="" ParentObject="" Row="1" State="" Text1="" Text2="" Text3="&lt;END&gt;" Text4="" Text5="" Text6="" runid="0" subType="" taskicon="&lt;END&gt;">
<checkpoint RollbackFlag="0" RunPerPatch="0" RunPerTarget="0" TcpADays="0" TcpATime="00:00" TcpATimeTZ="" TcpExecute="" TcpOn="0" promptatgen="0" showprompt="0"/>
<after ActFlg="1" AtimOn="0" ErlstStDays="0" ErlstStTime="00:00" ErlstStTimeTZ="" HoldFlg="0"/>
<when ChkWhenExec="0" LtstEnd="0" LtstEndDays="0" LtstEndTime="00:00" LtstSt="0" LtstStDays="0" LtstStTime="00:00" LtstTimeTZ="" WCTypeAND="1" WCTypeOR="0" WElseA="0" WElseH="1" WElseS="0" WElseX="0" WhenExecute="" WtimOn="0"/>
<preconditions CCTypeOne="1" CaleOn="0">
<PreCon>
<conditions id="CONDITIONS"/>
</PreCon>
</preconditions>
<predecessors>
<pre BranchType="0" Lnr="1" PreLnr="3" When="" type="container"/>
</predecessors>
<runtime MrtCancel="0" MrtDays="0" MrtErt="0" MrtExecute="0" MrtExecuteObj="" MrtFix="0" MrtMethodDate="0" MrtMethodErt="0" MrtMethodFix="0" MrtMethodNone="1" MrtOn="1" MrtTZ="" MrtTime="00:00" SrtErt="0" SrtFix="0" SrtMethodErt="0" SrtMethodFix="0" SrtMethodNone="1"/>
<result ChkRExec="0" RElseHalt="0" RElseIgn="0" RElseJPAbend="0" RExecFlag="0" RExecute="" RRepMTimes="0" RRepOn="0" RRepWait="0" RWhen=""/>
<dynvalues>
<dyntree CCTypeOne="1" CaleOn="0">
<node content="1" id="VALUE" name="Variables" parent="" type="TASKVALUE">
<VALUE state="2">
<Values/>
<Mode>0</Mode>
</VALUE>
</node>
<node content="1" id="PVALUE" name="Parent Variables" parent="" type="TASKVALUE">
<VALUE state="2">
<Values/>
<Mode>0</Mode>
</VALUE>
</node>
<node content="1" id="PRPTS" name="PromptSets" parent="" pref="1" type="PROMPTSET"/>
<node content="0" id="PPRPTS" name="Parent PromptSets" parent="" type="PPROMPTSET"/>
</dyntree>
</dynvalues>
<CIT CCTypeOne="1" CaleOn="0"/>
<calendars CCTypeAll="0" CCTypeExt="0" CCTypeNone="0" CCTypeOne="1" CaleOn="0"/>
<postconditions CCTypeOne="1" CaleOn="0">
<PostCon>
<conditions id="CONDITIONS"/>
</PostCon>
</postconditions>
</task>
<OPTIONS/>
</JobpStruct>
</JOBP>
<RUNTIME state="1">
<MaxRetCode>0</MaxRetCode>
<MrcExecute/>
<MrcElseE>0</MrcElseE>
<FcstStatus>0| </FcstStatus>
<Ert>4</Ert>
<ErtMethodDef>1</ErtMethodDef>
<ErtMethodFix>0</ErtMethodFix>
<ErtFix>0</ErtFix>
<ErtDynMethod>2|Average</ErtDynMethod>
<ErtMethodDyn>0</ErtMethodDyn>
<ErtCnt>0</ErtCnt>
<ErtCorr>0</ErtCorr>
<ErtIgn>0</ErtIgn>
<ErtIgnFlg>0</ErtIgnFlg>
<ErtMinCnt>0</ErtMinCnt>
<MrtMethodNone>1</MrtMethodNone>
<MrtMethodFix>0</MrtMethodFix>
<MrtFix>0</MrtFix>
<MrtMethodErt>0</MrtMethodErt>
<MrtErt>0</MrtErt>
<MrtMethodDate>0</MrtMethodDate>
<MrtDays>0</MrtDays>
<MrtTime>00:00</MrtTime>
<MrtTZ/>
<SrtMethodNone>1</SrtMethodNone>
<SrtMethodFix>0</SrtMethodFix>
<SrtFix>0</SrtFix>
<SrtMethodErt>0</SrtMethodErt>
<SrtErt>0</SrtErt>
<MrtCancel>0</MrtCancel>
<MrtExecute>0</MrtExecute>
<MrtExecuteObj/>
</RUNTIME>
<DYNVALUES state="1">
<dyntree>
<node content="1" id="VALUE" name="Variables" parent="" type="VALUE">
<VALUE state="1">
<Values/>
<Mode>0</Mode>
</VALUE>
</node>
</dyntree>
</DYNVALUES>
<DEPLOYMENT state="1" tidy="1">
<DeploymentFlag>0</DeploymentFlag>
<WFTypeA>1</WFTypeA>
<WFTypeC>0</WFTypeC>
<AppName/>
<WFName/>
<ComponentName/>
</DEPLOYMENT>
<ROLLBACK state="1" tidy="1">
<RollbackFlag>0</RollbackFlag>
<CBackupObj/>
<CRollbackObj/>
<FBackupPath/>
<FDeleteBefore>0</FDeleteBefore>
<FInclSubDirs>0</FInclSubDirs>
</ROLLBACK>
<SCRIPT mode="1" state="1" tidy="1">
<MSCRI/>
</SCRIPT>
<DOCU_Docu state="1" type="text">
<DOC/>
</DOCU_Docu>
</JOBP>
<JOBS_CIT AttrType="CIT" client="0100" name="SERVICENOW.CREATE.INCIDENT" system="AUTOMIC">
<XHEADER state="1">
<Title>servicenow.job.Insert.Incident</Title>
<Created>jenn pm on: 2013-09-03 16:52:15</Created>
<Modified>becky pm on: 2013-10-17 13:24:58      3 x</Modified>
<LastUsed/>
<ArchiveKey1/>
<ArchiveKey2/>
<ExtRepDef>1</ExtRepDef>
<ExtRepAll>0</ExtRepAll>
<ExtRepNone>0</ExtRepNone>
<Active>1</Active>
<OH_SubType/>
</XHEADER>
<OUTPUTREG state="1" tidy="1">
<FileReg/>
</OUTPUTREG>
<SYNCREF state="1">
<Syncs/>
</SYNCREF>
<ATTR_JOBS state="1">
<Queue>CLIENT_QUEUE</Queue>
<StartType/>
<HostDst>CIT|RA_WEBSERVICE_3|HOST</HostDst>
<HostATTR_Type>CIT</HostATTR_Type>
<CodeName/>
<Login/>
<IntAccount/>
<AutoDeactNo>0</AutoDeactNo>
<AutoDeact1ErrorFree>0</AutoDeact1ErrorFree>
<AutoDeactErrorFree>0</AutoDeactErrorFree>
<DeactWhen/>
<DeactDelay>0</DeactDelay>
<AutoDeactAlways>1</AutoDeactAlways>
<AttDialog>0</AttDialog>
<ActAtRun>1</ActAtRun>
<Consumption>0</Consumption>
<UC4Priority>0</UC4Priority>
<MaxParallel2>0</MaxParallel2>
<MpElse1>0</MpElse1>
<MpElse2>0</MpElse2>
<TZ/>
</ATTR_JOBS>
<ATTR_CIT state="1">
<OutputDb>1</OutputDb>
<OutputDbErr>0</OutputDbErr>
<OutputFile>1</OutputFile>
<OptReportPLOG>1</OptReportPLOG>
<RequTaskParams>0</RequTaskParams>
</ATTR_CIT>
<CIT dirty="0" state="2">
<citcont agentname="RA_WEBSERVICE_3" jobtype="WEBSERVICE" text="REST Web Service">
<cit cittype="2" icon="" id="" subtype="REST" text="REST Web Service">
<component con="0" enc="0" type="2" value="" xmlName="connectTimeout"/>
<component con="0" enc="0" type="2" value="" xmlName="curl"/>
<component con="0" enc="0" type="2" value="false" xmlName="isCurl"/>
<component con="0" enc="0" type="2" value="false" xmlName="jobHeaders"/>
<component con="0" enc="0" type="2" value="false" xmlName="jobQuery"/>
<component con="0" enc="0" type="2" value="application/json" xmlName="mediaType"/>
<component con="0" enc="0" type="2" value="POST" xmlName="method"/>
<component con="0" enc="0" type="2" value="false" xmlName="multiPart"/>
<component con="0" enc="0" type="2" value="false" xmlName="multiPartResp"/>
<component con="0" enc="0" type="2" value="JSON" xmlName="query_0_0"/>
<component con="0" enc="0" type="2" value="" xmlName="query_0_1"/>
<component con="0" enc="0" type="2" value="" xmlName="request_part_0_file"/>
<component con="0" enc="0" type="2" value="application/json" xmlName="request_part_0_mediaType"/>
<component con="0" enc="0" type="2" value="text" xmlName="request_part_0_requestDataSource"/>
<component con="0" enc="0" type="2" value="A{&quot;sysparm_action&quot;:&quot;insert&quot;,&quot;short_description&quot;:&quot;this is a test&quot;,&quot;priority&quot;:&quot;1&quot;}" xmlName="request_part_0_requestTab_data_1"/>
<component con="0" enc="0" type="2" value="true" xmlName="requestReports"/>
<component con="0" enc="0" type="2" value="incident.do" xmlName="resource"/>
<component con="0" enc="0" type="2" value="" xmlName="response_part_0_file"/>
<component con="0" enc="0" type="2" value="$.records[0].sys_id" xmlName="response_part_0_script_0_code_0"/>
<component con="0" enc="0" type="2" value="JSONPath" xmlName="response_part_0_script_0_queryType"/>
<component con="0" enc="0" type="2" value="Sysid" xmlName="response_part_0_script_0_resourceName"/>
<component con="0" enc="0" type="2" value="variable" xmlName="response_part_0_script_0_saveTo"/>
<component con="0" enc="0" type="2" value="true" xmlName="responseReport"/>
<component con="0" enc="0" type="2" value="" xmlName="responseTimeout"/>
<component con="0" enc="0" type="2" value="true" xmlName="responseToJobLog"/>
<component con="1" enc="0" type="2" value="CONN.SERVICENOW.REST" xmlName="restConnection"/>
<component con="0" enc="0" type="2" value="" xmlName="showGeneralJobPanel"/>
<component con="0" enc="0" type="2" value="false" xmlName="tracePerformance"/>
</cit>
<cit cittype="3" icon="" id="" subtype="GENERALJOBPANELDEF" text="General Job Panel"/>
</citcont>
</CIT>
<RUNTIME state="1">
<MaxRetCode>0</MaxRetCode>
<MrcExecute/>
<MrcElseE>0</MrcElseE>
<FcstStatus>0| </FcstStatus>
<Ert>3</Ert>
<ErtMethodDef>1</ErtMethodDef>
<ErtMethodFix>0</ErtMethodFix>
<ErtFix>0</ErtFix>
<ErtDynMethod>2|Average</ErtDynMethod>
<ErtMethodDyn>0</ErtMethodDyn>
<ErtCnt>0</ErtCnt>
<ErtCorr>0</ErtCorr>
<ErtIgn>0</ErtIgn>
<ErtIgnFlg>0</ErtIgnFlg>
<ErtMinCnt>0</ErtMinCnt>
<MrtMethodNone>1</MrtMethodNone>
<MrtMethodFix>0</MrtMethodFix>
<MrtFix>0</MrtFix>
<MrtMethodErt>0</MrtMethodErt>
<MrtErt>0</MrtErt>
<MrtMethodDate>0</MrtMethodDate>
<MrtDays>0</MrtDays>
<MrtTime>00:00</MrtTime>
<MrtTZ/>
<SrtMethodNone>1</SrtMethodNone>
<SrtMethodFix>0</SrtMethodFix>
<SrtFix>0</SrtFix>
<SrtMethodErt>0</SrtMethodErt>
<SrtErt>0</SrtErt>
<MrtCancel>0</MrtCancel>
<MrtExecute>0</MrtExecute>
<MrtExecuteObj/>
</RUNTIME>
<DYNVALUES state="1">
<dyntree>
<node content="1" id="VALUE" name="Variables" parent="" type="VALUE">
<VALUE state="1">
<Values/>
<Mode>0</Mode>
</VALUE>
</node>
</dyntree>
</DYNVALUES>
<ROLLBACK state="1" tidy="1">
<RollbackFlag>0</RollbackFlag>
<CBackupObj/>
<CRollbackObj/>
<FBackupPath/>
<FDeleteBefore>0</FDeleteBefore>
<FInclSubDirs>0</FInclSubDirs>
</ROLLBACK>
<PRE_SCRIPT mode="1" replacementmode="1" state="1" tidy="1">
<PSCRI/>
</PRE_SCRIPT>
<SCRIPT mode="1" state="1" tidy="1">
<MSCRI/>
</SCRIPT>
<OUTPUTSCAN state="1">
<Inherit>N</Inherit>
<filterobjects/>
<HostFsc/>
<LoginFsc/>
</OUTPUTSCAN>
<POST_SCRIPT mode="1" replacementmode="1" state="1" tidy="1">
<OSCRI/>
</POST_SCRIPT>
<DOCU_Docu state="1" type="text">
<DOC/>
</DOCU_Docu>
<DOCU_Details- state="1" type="xml">
<DOC/>
</DOCU_Details->
</JOBS_CIT>
<JOBS_CIT AttrType="CIT" client="0100" name="SERVICENOW.CREATE.INCIDENT.MULTIPLE" system="AUTOMIC">
<XHEADER state="1">
<Title>servicenow.job.Insert.Incident.MULTIPLE</Title>
<Created>jenn pm on: 2013-09-03 16:52:16</Created>
<Modified>becky pm on: 2013-10-17 13:24:58      3 x</Modified>
<LastUsed/>
<ArchiveKey1/>
<ArchiveKey2/>
<ExtRepDef>1</ExtRepDef>
<ExtRepAll>0</ExtRepAll>
<ExtRepNone>0</ExtRepNone>
<Active>1</Active>
<OH_SubType/>
</XHEADER>
<OUTPUTREG state="1" tidy="1">
<FileReg/>
</OUTPUTREG>
<SYNCREF state="1">
<Syncs/>
</SYNCREF>
<ATTR_JOBS state="1">
<Queue>CLIENT_QUEUE</Queue>
<StartType/>
<HostDst>CIT|RA_WEBSERVICE_3|HOST</HostDst>
<HostATTR_Type>CIT</HostATTR_Type>
<CodeName/>
<Login/>
<IntAccount/>
<AutoDeactNo>0</AutoDeactNo>
<AutoDeact1ErrorFree>0</AutoDeact1ErrorFree>
<AutoDeactErrorFree>0</AutoDeactErrorFree>
<DeactWhen/>
<DeactDelay>0</DeactDelay>
<AutoDeactAlways>1</AutoDeactAlways>
<AttDialog>0</AttDialog>
<ActAtRun>0</ActAtRun>
<Consumption>0</Consumption>
<UC4Priority>0</UC4Priority>
<MaxParallel2>0</MaxParallel2>
<MpElse1>0</MpElse1>
<MpElse2>0</MpElse2>
<TZ/>
</ATTR_JOBS>
<ATTR_CIT state="1">
<OutputDb>1</OutputDb>
<OutputDbErr>0</OutputDbErr>
<OutputFile>1</OutputFile>
<OptReportPLOG>1</OptReportPLOG>
<RequTaskParams>0</RequTaskParams>
</ATTR_CIT>
<CIT dirty="0" state="2">
<citcont agentname="RA_WEBSERVICE_3" jobtype="WEBSERVICE" text="REST Web Service">
<cit cittype="2" icon="" id="" subtype="REST" text="REST Web Service">
<component con="0" enc="0" type="2" value="" xmlName="connectTimeout"/>
<component con="0" enc="0" type="2" value="" xmlName="curl"/>
<component con="0" enc="0" type="2" value="false" xmlName="isCurl"/>
<component con="0" enc="0" type="2" value="false" xmlName="jobHeaders"/>
<component con="0" enc="0" type="2" value="false" xmlName="jobQuery"/>
<component con="0" enc="0" type="2" value="application/json" xmlName="mediaType"/>
<component con="0" enc="0" type="2" value="POST" xmlName="method"/>
<component con="0" enc="0" type="2" value="false" xmlName="multiPart"/>
<component con="0" enc="0" type="2" value="false" xmlName="multiPartResp"/>
<component con="0" enc="0" type="2" value="JSON" xmlName="query_0_0"/>
<component con="0" enc="0" type="2" value="" xmlName="query_0_1"/>
<component con="0" enc="0" type="2" value="sysparm_action" xmlName="query_1_0"/>
<component con="0" enc="0" type="2" value="insert" xmlName="query_1_1"/>
<component con="0" enc="0" type="2" value="" xmlName="request_part_0_file"/>
<component con="0" enc="0" type="2" value="application/json" xmlName="request_part_0_mediaType"/>
<component con="0" enc="0" type="2" value="text" xmlName="request_part_0_requestDataSource"/>
<component con="0" enc="0" type="2" value="A{&quot;records&quot;:[{&quot;short_description&quot;:&quot;this is 1 of 2 items&quot;, &quot;priority&quot;: &quot;1 - Critical&quot;, &quot;impact&quot;:&quot;1&quot;, &quot;caller_id&quot;:&quot;Fred Luddy&quot;}," xmlName="request_part_0_requestTab_data_1"/>
<component con="0" enc="0" type="2" value="A            {&quot;short_description&quot;:&quot;this is 2 of 2 items&quot;, &quot;priority&quot;: &quot;1 - Critical&quot;, &quot;impact&quot;:&quot;1&quot;, &quot;caller_id&quot;:&quot;Fred Luddy&quot;}]}" xmlName="request_part_0_requestTab_data_2"/>
<component con="0" enc="0" type="2" value="true" xmlName="requestReports"/>
<component con="0" enc="0" type="2" value="incident.do" xmlName="resource"/>
<component con="0" enc="0" type="2" value="" xmlName="response_part_0_file"/>
<component con="0" enc="0" type="2" value="true" xmlName="responseReport"/>
<component con="0" enc="0" type="2" value="" xmlName="responseTimeout"/>
<component con="0" enc="0" type="2" value="true" xmlName="responseToJobLog"/>
<component con="1" enc="0" type="2" value="CONN.SERVICENOW.REST" xmlName="restConnection"/>
<component con="0" enc="0" type="2" value="" xmlName="showGeneralJobPanel"/>
<component con="0" enc="0" type="2" value="false" xmlName="tracePerformance"/>
</cit>
<cit cittype="3" icon="" id="" subtype="GENERALJOBPANELDEF" text="General Job Panel"/>
</citcont>
</CIT>
<RUNTIME state="1">
<MaxRetCode>0</MaxRetCode>
<MrcExecute/>
<MrcElseE>0</MrcElseE>
<FcstStatus>0| </FcstStatus>
<Ert>5</Ert>
<ErtMethodDef>1</ErtMethodDef>
<ErtMethodFix>0</ErtMethodFix>
<ErtFix>0</ErtFix>
<ErtDynMethod>2|Average</ErtDynMethod>
<ErtMethodDyn>0</ErtMethodDyn>
<ErtCnt>0</ErtCnt>
<ErtCorr>0</ErtCorr>
<ErtIgn>0</ErtIgn>
<ErtIgnFlg>0</ErtIgnFlg>
<ErtMinCnt>0</ErtMinCnt>
<MrtMethodNone>1</MrtMethodNone>
<MrtMethodFix>0</MrtMethodFix>
<MrtFix>0</MrtFix>
<MrtMethodErt>0</MrtMethodErt>
<MrtErt>0</MrtErt>
<MrtMethodDate>0</MrtMethodDate>
<MrtDays>0</MrtDays>
<MrtTime>00:00</MrtTime>
<MrtTZ/>
<SrtMethodNone>1</SrtMethodNone>
<SrtMethodFix>0</SrtMethodFix>
<SrtFix>0</SrtFix>
<SrtMethodErt>0</SrtMethodErt>
<SrtErt>0</SrtErt>
<MrtCancel>0</MrtCancel>
<MrtExecute>0</MrtExecute>
<MrtExecuteObj/>
</RUNTIME>
<DYNVALUES state="1">
<dyntree>
<node content="1" id="VALUE" name="Variables" parent="" type="VALUE">
<VALUE state="1">
<Values/>
<Mode>0</Mode>
</VALUE>
</node>
</dyntree>
</DYNVALUES>
<ROLLBACK state="1" tidy="1">
<RollbackFlag>0</RollbackFlag>
<CBackupObj/>
<CRollbackObj/>
<FBackupPath/>
<FDeleteBefore>0</FDeleteBefore>
<FInclSubDirs>0</FInclSubDirs>
</ROLLBACK>
<PRE_SCRIPT mode="1" replacementmode="1" state="1" tidy="1">
<PSCRI/>
</PRE_SCRIPT>
<SCRIPT mode="1" state="1" tidy="1">
<MSCRI/>
</SCRIPT>
<OUTPUTSCAN state="1">
<Inherit>N</Inherit>
<filterobjects/>
<HostFsc/>
<LoginFsc/>
</OUTPUTSCAN>
<POST_SCRIPT mode="1" replacementmode="1" state="1" tidy="1">
<OSCRI/>
</POST_SCRIPT>
<DOCU_Docu state="1" type="text">
<DOC/>
</DOCU_Docu>
<DOCU_Details- state="1" type="xml">
<DOC/>
</DOCU_Details->
</JOBS_CIT>
<JOBS_CIT AttrType="CIT" client="0100" name="SERVICENOW.GETKEYS" system="AUTOMIC">
<XHEADER state="1">
<Title>servicenow.GETKEYS</Title>
<Created>jenn pm on: 2013-09-03 16:52:16</Created>
<Modified>becky pm on: 2013-10-17 13:24:58      3 x</Modified>
<LastUsed/>
<ArchiveKey1/>
<ArchiveKey2/>
<ExtRepDef>1</ExtRepDef>
<ExtRepAll>0</ExtRepAll>
<ExtRepNone>0</ExtRepNone>
<Active>1</Active>
<OH_SubType/>
</XHEADER>
<OUTPUTREG state="1" tidy="1">
<FileReg/>
</OUTPUTREG>
<SYNCREF state="1">
<Syncs/>
</SYNCREF>
<ATTR_JOBS state="1">
<Queue>CLIENT_QUEUE</Queue>
<StartType/>
<HostDst>CIT|RA_WEBSERVICE_3|HOST</HostDst>
<HostATTR_Type>CIT</HostATTR_Type>
<CodeName/>
<Login/>
<IntAccount/>
<AutoDeactNo>0</AutoDeactNo>
<AutoDeact1ErrorFree>0</AutoDeact1ErrorFree>
<AutoDeactErrorFree>0</AutoDeactErrorFree>
<DeactWhen/>
<DeactDelay>0</DeactDelay>
<AutoDeactAlways>1</AutoDeactAlways>
<AttDialog>0</AttDialog>
<ActAtRun>0</ActAtRun>
<Consumption>0</Consumption>
<UC4Priority>0</UC4Priority>
<MaxParallel2>0</MaxParallel2>
<MpElse1>0</MpElse1>
<MpElse2>0</MpElse2>
<TZ/>
</ATTR_JOBS>
<ATTR_CIT state="1">
<OutputDb>1</OutputDb>
<OutputDbErr>0</OutputDbErr>
<OutputFile>1</OutputFile>
<OptReportPLOG>1</OptReportPLOG>
<RequTaskParams>0</RequTaskParams>
</ATTR_CIT>
<CIT dirty="0" state="2">
<citcont agentname="RA_WEBSERVICE_3" jobtype="WEBSERVICE" text="REST Web Service">
<cit cittype="2" icon="" id="" subtype="REST" text="REST Web Service">
<component con="0" enc="0" type="2" value="" xmlName="connectTimeout"/>
<component con="0" enc="0" type="2" value="" xmlName="curl"/>
<component con="0" enc="0" type="2" value="false" xmlName="isCurl"/>
<component con="0" enc="0" type="2" value="false" xmlName="jobHeaders"/>
<component con="0" enc="0" type="2" value="false" xmlName="jobQuery"/>
<component con="0" enc="0" type="2" value="" xmlName="mediaType"/>
<component con="0" enc="0" type="2" value="GET" xmlName="method"/>
<component con="0" enc="0" type="2" value="false" xmlName="multiPart"/>
<component con="0" enc="0" type="2" value="false" xmlName="multiPartResp"/>
<component con="0" enc="0" type="2" value="JSON" xmlName="query_0_0"/>
<component con="0" enc="0" type="2" value="" xmlName="query_0_1"/>
<component con="0" enc="0" type="2" value="sysparm_sys_id" xmlName="query_1_0"/>
<component con="0" enc="0" type="2" value="getKeys" xmlName="query_1_1"/>
<component con="0" enc="0" type="2" value="sysparm_query" xmlName="query_2_0"/>
<component con="0" enc="0" type="2" value="active=true^category=hardware" xmlName="query_2_1"/>
<component con="0" enc="0" type="2" value="" xmlName="request_part_0_file"/>
<component con="0" enc="0" type="2" value="" xmlName="request_part_0_mediaType"/>
<component con="0" enc="0" type="2" value="true" xmlName="requestReports"/>
<component con="0" enc="0" type="2" value="incident.do" xmlName="resource"/>
<component con="0" enc="0" type="2" value="" xmlName="response_part_0_file"/>
<component con="0" enc="0" type="2" value="true" xmlName="responseReport"/>
<component con="0" enc="0" type="2" value="" xmlName="responseTimeout"/>
<component con="0" enc="0" type="2" value="true" xmlName="responseToJobLog"/>
<component con="1" enc="0" type="2" value="CONN.SERVICENOW.REST" xmlName="restConnection"/>
<component con="0" enc="0" type="2" value="" xmlName="showGeneralJobPanel"/>
<component con="0" enc="0" type="2" value="false" xmlName="tracePerformance"/>
</cit>
<cit cittype="3" icon="" id="" subtype="GENERALJOBPANELDEF" text="General Job Panel"/>
</citcont>
</CIT>
<RUNTIME state="1">
<MaxRetCode>0</MaxRetCode>
<MrcExecute/>
<MrcElseE>0</MrcElseE>
<FcstStatus>0| </FcstStatus>
<Ert>2</Ert>
<ErtMethodDef>1</ErtMethodDef>
<ErtMethodFix>0</ErtMethodFix>
<ErtFix>0</ErtFix>
<ErtDynMethod>2|Average</ErtDynMethod>
<ErtMethodDyn>0</ErtMethodDyn>
<ErtCnt>0</ErtCnt>
<ErtCorr>0</ErtCorr>
<ErtIgn>0</ErtIgn>
<ErtIgnFlg>0</ErtIgnFlg>
<ErtMinCnt>0</ErtMinCnt>
<MrtMethodNone>1</MrtMethodNone>
<MrtMethodFix>0</MrtMethodFix>
<MrtFix>0</MrtFix>
<MrtMethodErt>0</MrtMethodErt>
<MrtErt>0</MrtErt>
<MrtMethodDate>0</MrtMethodDate>
<MrtDays>0</MrtDays>
<MrtTime>00:00</MrtTime>
<MrtTZ/>
<SrtMethodNone>1</SrtMethodNone>
<SrtMethodFix>0</SrtMethodFix>
<SrtFix>0</SrtFix>
<SrtMethodErt>0</SrtMethodErt>
<SrtErt>0</SrtErt>
<MrtCancel>0</MrtCancel>
<MrtExecute>0</MrtExecute>
<MrtExecuteObj/>
</RUNTIME>
<DYNVALUES state="1">
<dyntree>
<node content="1" id="VALUE" name="Variables" parent="" type="VALUE">
<VALUE state="1">
<Values>
<row Name="&amp;SYSPARM_SYS_ID" Value="9d385017c611228701d22104cc95c371"/>
</Values>
<Mode>0</Mode>
</VALUE>
</node>
</dyntree>
</DYNVALUES>
<ROLLBACK state="1" tidy="1">
<RollbackFlag>0</RollbackFlag>
<CBackupObj/>
<CRollbackObj/>
<FBackupPath/>
<FDeleteBefore>0</FDeleteBefore>
<FInclSubDirs>0</FInclSubDirs>
</ROLLBACK>
<PRE_SCRIPT mode="1" replacementmode="1" state="1" tidy="1">
<PSCRI/>
</PRE_SCRIPT>
<SCRIPT mode="1" state="1" tidy="1">
<MSCRI/>
</SCRIPT>
<OUTPUTSCAN state="1">
<Inherit>N</Inherit>
<filterobjects/>
<HostFsc/>
<LoginFsc/>
</OUTPUTSCAN>
<POST_SCRIPT mode="1" replacementmode="1" state="1" tidy="1">
<OSCRI/>
</POST_SCRIPT>
<DOCU_Docu state="1" type="text">
<DOC/>
</DOCU_Docu>
<DOCU_Details- state="1" type="xml">
<DOC/>
</DOCU_Details->
</JOBS_CIT>
<JOBS_CIT AttrType="CIT" client="0100" name="SERVICENOW.GETRECORDS" system="AUTOMIC">
<XHEADER state="1">
<Title>servicenow.GETRECORDS</Title>
<Created>jenn pm on: 2013-09-03 16:52:17</Created>
<Modified>becky pm on: 2013-10-17 13:24:58      5 x</Modified>
<LastUsed/>
<ArchiveKey1/>
<ArchiveKey2/>
<ExtRepDef>1</ExtRepDef>
<ExtRepAll>0</ExtRepAll>
<ExtRepNone>0</ExtRepNone>
<Active>1</Active>
<OH_SubType/>
</XHEADER>
<OUTPUTREG state="1" tidy="1">
<FileReg/>
</OUTPUTREG>
<SYNCREF state="1">
<Syncs/>
</SYNCREF>
<ATTR_JOBS state="1">
<Queue>CLIENT_QUEUE</Queue>
<StartType/>
<HostDst>CIT|RA_WEBSERVICE_3|HOST</HostDst>
<HostATTR_Type>CIT</HostATTR_Type>
<CodeName/>
<Login/>
<IntAccount/>
<AutoDeactNo>0</AutoDeactNo>
<AutoDeact1ErrorFree>0</AutoDeact1ErrorFree>
<AutoDeactErrorFree>0</AutoDeactErrorFree>
<DeactWhen/>
<DeactDelay>0</DeactDelay>
<AutoDeactAlways>1</AutoDeactAlways>
<AttDialog>0</AttDialog>
<ActAtRun>0</ActAtRun>
<Consumption>0</Consumption>
<UC4Priority>0</UC4Priority>
<MaxParallel2>0</MaxParallel2>
<MpElse1>0</MpElse1>
<MpElse2>0</MpElse2>
<TZ/>
</ATTR_JOBS>
<ATTR_CIT state="1">
<OutputDb>1</OutputDb>
<OutputDbErr>0</OutputDbErr>
<OutputFile>1</OutputFile>
<OptReportPLOG>1</OptReportPLOG>
<RequTaskParams>0</RequTaskParams>
</ATTR_CIT>
<CIT dirty="0" state="2">
<citcont agentname="RA_WEBSERVICE_3" jobtype="WEBSERVICE" text="REST Web Service">
<cit cittype="2" icon="" id="" subtype="REST" text="REST Web Service">
<component con="0" enc="0" type="2" value="" xmlName="connectTimeout"/>
<component con="0" enc="0" type="2" value="" xmlName="curl"/>
<component con="0" enc="0" type="2" value="false" xmlName="isCurl"/>
<component con="0" enc="0" type="2" value="false" xmlName="jobHeaders"/>
<component con="0" enc="0" type="2" value="false" xmlName="jobQuery"/>
<component con="0" enc="0" type="2" value="" xmlName="mediaType"/>
<component con="0" enc="0" type="2" value="GET" xmlName="method"/>
<component con="0" enc="0" type="2" value="false" xmlName="multiPart"/>
<component con="0" enc="0" type="2" value="false" xmlName="multiPartResp"/>
<component con="0" enc="0" type="2" value="JSON" xmlName="query_0_0"/>
<component con="0" enc="0" type="2" value="" xmlName="query_0_1"/>
<component con="0" enc="0" type="2" value="" xmlName="request_part_0_file"/>
<component con="0" enc="0" type="2" value="" xmlName="request_part_0_mediaType"/>
<component con="0" enc="0" type="2" value="true" xmlName="requestReports"/>
<component con="0" enc="0" type="2" value="incident.do" xmlName="resource"/>
<component con="0" enc="0" type="2" value="" xmlName="response_part_0_file"/>
<component con="0" enc="0" type="2" value="true" xmlName="responseReport"/>
<component con="0" enc="0" type="2" value="" xmlName="responseTimeout"/>
<component con="0" enc="0" type="2" value="true" xmlName="responseToJobLog"/>
<component con="1" enc="0" type="2" value="CONN.SERVICENOW.REST" xmlName="restConnection"/>
<component con="0" enc="0" type="2" value="" xmlName="showGeneralJobPanel"/>
<component con="0" enc="0" type="2" value="false" xmlName="tracePerformance"/>
</cit>
<cit cittype="3" icon="" id="" subtype="GENERALJOBPANELDEF" text="General Job Panel"/>
</citcont>
</CIT>
<RUNTIME state="1">
<MaxRetCode>0</MaxRetCode>
<MrcExecute/>
<MrcElseE>0</MrcElseE>
<FcstStatus>0| </FcstStatus>
<Ert>6</Ert>
<ErtMethodDef>1</ErtMethodDef>
<ErtMethodFix>0</ErtMethodFix>
<ErtFix>0</ErtFix>
<ErtDynMethod>2|Average</ErtDynMethod>
<ErtMethodDyn>0</ErtMethodDyn>
<ErtCnt>0</ErtCnt>
<ErtCorr>0</ErtCorr>
<ErtIgn>0</ErtIgn>
<ErtIgnFlg>0</ErtIgnFlg>
<ErtMinCnt>0</ErtMinCnt>
<MrtMethodNone>1</MrtMethodNone>
<MrtMethodFix>0</MrtMethodFix>
<MrtFix>0</MrtFix>
<MrtMethodErt>0</MrtMethodErt>
<MrtErt>0</MrtErt>
<MrtMethodDate>0</MrtMethodDate>
<MrtDays>0</MrtDays>
<MrtTime>00:00</MrtTime>
<MrtTZ/>
<SrtMethodNone>1</SrtMethodNone>
<SrtMethodFix>0</SrtMethodFix>
<SrtFix>0</SrtFix>
<SrtMethodErt>0</SrtMethodErt>
<SrtErt>0</SrtErt>
<MrtCancel>0</MrtCancel>
<MrtExecute>0</MrtExecute>
<MrtExecuteObj/>
</RUNTIME>
<DYNVALUES state="1">
<dyntree>
<node content="1" id="VALUE" name="Variables" parent="" type="VALUE">
<VALUE state="1">
<Values>
<row Name="&amp;SYSPARM_SYS_ID" Value="9d385017c611228701d22104cc95c371"/>
</Values>
<Mode>0</Mode>
</VALUE>
</node>
</dyntree>
</DYNVALUES>
<ROLLBACK state="1" tidy="1">
<RollbackFlag>0</RollbackFlag>
<CBackupObj/>
<CRollbackObj/>
<FBackupPath/>
<FDeleteBefore>0</FDeleteBefore>
<FInclSubDirs>0</FInclSubDirs>
</ROLLBACK>
<PRE_SCRIPT mode="1" replacementmode="1" state="1" tidy="1">
<PSCRI/>
</PRE_SCRIPT>
<SCRIPT mode="1" state="1" tidy="1">
<MSCRI/>
</SCRIPT>
<OUTPUTSCAN state="1">
<Inherit>N</Inherit>
<filterobjects/>
<HostFsc/>
<LoginFsc/>
</OUTPUTSCAN>
<POST_SCRIPT mode="1" replacementmode="1" state="1" tidy="1">
<OSCRI/>
</POST_SCRIPT>
<DOCU_Docu state="1" type="text">
<DOC/>
</DOCU_Docu>
<DOCU_Details- state="1" type="xml">
<DOC/>
</DOCU_Details->
</JOBS_CIT>
<JOBS_CIT AttrType="CIT" client="0100" name="SERVICENOW.INCIDENT.DELETE" system="AUTOMIC">
<XHEADER state="1">
<Title>SERVICENOW.INCIDENT.DELETE</Title>
<Created>jenn pm on: 2013-09-03 16:52:17</Created>
<Modified>becky pm on: 2013-10-17 13:24:58      3 x</Modified>
<LastUsed/>
<ArchiveKey1/>
<ArchiveKey2/>
<ExtRepDef>1</ExtRepDef>
<ExtRepAll>0</ExtRepAll>
<ExtRepNone>0</ExtRepNone>
<Active>1</Active>
<OH_SubType/>
</XHEADER>
<OUTPUTREG state="1" tidy="1">
<FileReg/>
</OUTPUTREG>
<SYNCREF state="1">
<Syncs/>
</SYNCREF>
<ATTR_JOBS state="1">
<Queue>CLIENT_QUEUE</Queue>
<StartType/>
<HostDst>CIT|RA_WEBSERVICE_3|HOST</HostDst>
<HostATTR_Type>CIT</HostATTR_Type>
<CodeName/>
<Login/>
<IntAccount/>
<AutoDeactNo>0</AutoDeactNo>
<AutoDeact1ErrorFree>0</AutoDeact1ErrorFree>
<AutoDeactErrorFree>0</AutoDeactErrorFree>
<DeactWhen/>
<DeactDelay>0</DeactDelay>
<AutoDeactAlways>1</AutoDeactAlways>
<AttDialog>0</AttDialog>
<ActAtRun>1</ActAtRun>
<Consumption>0</Consumption>
<UC4Priority>0</UC4Priority>
<MaxParallel2>0</MaxParallel2>
<MpElse1>0</MpElse1>
<MpElse2>0</MpElse2>
<TZ/>
</ATTR_JOBS>
<ATTR_CIT state="1">
<OutputDb>1</OutputDb>
<OutputDbErr>0</OutputDbErr>
<OutputFile>1</OutputFile>
<OptReportPLOG>1</OptReportPLOG>
<RequTaskParams>0</RequTaskParams>
</ATTR_CIT>
<CIT dirty="0" state="2">
<citcont agentname="RA_WEBSERVICE_3" jobtype="WEBSERVICE" text="REST Web Service">
<cit cittype="2" icon="" id="" subtype="REST" text="REST Web Service">
<component con="0" enc="0" type="2" value="" xmlName="connectTimeout"/>
<component con="0" enc="0" type="2" value="" xmlName="curl"/>
<component con="0" enc="0" type="2" value="false" xmlName="isCurl"/>
<component con="0" enc="0" type="2" value="false" xmlName="jobHeaders"/>
<component con="0" enc="0" type="2" value="false" xmlName="jobQuery"/>
<component con="0" enc="0" type="2" value="application/json" xmlName="mediaType"/>
<component con="0" enc="0" type="2" value="POST" xmlName="method"/>
<component con="0" enc="0" type="2" value="false" xmlName="multiPart"/>
<component con="0" enc="0" type="2" value="false" xmlName="multiPartResp"/>
<component con="0" enc="0" type="2" value="JSON" xmlName="query_0_0"/>
<component con="0" enc="0" type="2" value="" xmlName="query_0_1"/>
<component con="0" enc="0" type="2" value="sysparm_sys_id" xmlName="query_1_0"/>
<component con="0" enc="0" type="2" value="&amp;Sys_Id" xmlName="query_1_1"/>
<component con="0" enc="0" type="2" value="sysparm_action" xmlName="query_2_0"/>
<component con="0" enc="0" type="2" value="deleteRecord" xmlName="query_2_1"/>
<component con="0" enc="0" type="2" value="" xmlName="request_part_0_file"/>
<component con="0" enc="0" type="2" value="application/json" xmlName="request_part_0_mediaType"/>
<component con="0" enc="0" type="2" value="text" xmlName="request_part_0_requestDataSource"/>
<component con="0" enc="0" type="2" value="true" xmlName="requestReports"/>
<component con="0" enc="0" type="2" value="incident.do" xmlName="resource"/>
<component con="0" enc="0" type="2" value="" xmlName="response_part_0_file"/>
<component con="0" enc="0" type="2" value="true" xmlName="responseReport"/>
<component con="0" enc="0" type="2" value="" xmlName="responseTimeout"/>
<component con="0" enc="0" type="2" value="true" xmlName="responseToJobLog"/>
<component con="1" enc="0" type="2" value="CONN.SERVICENOW.REST" xmlName="restConnection"/>
<component con="0" enc="0" type="2" value="" xmlName="showGeneralJobPanel"/>
<component con="0" enc="0" type="2" value="false" xmlName="tracePerformance"/>
</cit>
<cit cittype="3" icon="" id="" subtype="GENERALJOBPANELDEF" text="General Job Panel"/>
</citcont>
</CIT>
<RUNTIME state="1">
<MaxRetCode>0</MaxRetCode>
<MrcExecute/>
<MrcElseE>0</MrcElseE>
<FcstStatus>0| </FcstStatus>
<Ert>1</Ert>
<ErtMethodDef>1</ErtMethodDef>
<ErtMethodFix>0</ErtMethodFix>
<ErtFix>0</ErtFix>
<ErtDynMethod>2|Average</ErtDynMethod>
<ErtMethodDyn>0</ErtMethodDyn>
<ErtCnt>0</ErtCnt>
<ErtCorr>0</ErtCorr>
<ErtIgn>0</ErtIgn>
<ErtIgnFlg>0</ErtIgnFlg>
<ErtMinCnt>0</ErtMinCnt>
<MrtMethodNone>1</MrtMethodNone>
<MrtMethodFix>0</MrtMethodFix>
<MrtFix>0</MrtFix>
<MrtMethodErt>0</MrtMethodErt>
<MrtErt>0</MrtErt>
<MrtMethodDate>0</MrtMethodDate>
<MrtDays>0</MrtDays>
<MrtTime>00:00</MrtTime>
<MrtTZ/>
<SrtMethodNone>1</SrtMethodNone>
<SrtMethodFix>0</SrtMethodFix>
<SrtFix>0</SrtFix>
<SrtMethodErt>0</SrtMethodErt>
<SrtErt>0</SrtErt>
<MrtCancel>0</MrtCancel>
<MrtExecute>0</MrtExecute>
<MrtExecuteObj/>
</RUNTIME>
<DYNVALUES state="1">
<dyntree>
<node content="1" id="VALUE" name="Variables" parent="" type="VALUE">
<VALUE state="1">
<Values/>
<Mode>0</Mode>
</VALUE>
</node>
</dyntree>
</DYNVALUES>
<ROLLBACK state="1" tidy="1">
<RollbackFlag>0</RollbackFlag>
<CBackupObj/>
<CRollbackObj/>
<FBackupPath/>
<FDeleteBefore>0</FDeleteBefore>
<FInclSubDirs>0</FInclSubDirs>
</ROLLBACK>
<PRE_SCRIPT mode="1" replacementmode="1" state="1" tidy="0">
<PSCRI><![CDATA[:PSET &Sys_Id = &SYSID
:PRINT Sys_Id is &Sys_Id]]></PSCRI>
</PRE_SCRIPT>
<SCRIPT mode="1" state="1" tidy="1">
<MSCRI/>
</SCRIPT>
<OUTPUTSCAN state="1">
<Inherit>N</Inherit>
<filterobjects/>
<HostFsc/>
<LoginFsc/>
</OUTPUTSCAN>
<POST_SCRIPT mode="1" replacementmode="1" state="1" tidy="1">
<OSCRI/>
</POST_SCRIPT>
<DOCU_Docu state="1" type="text">
<DOC/>
</DOCU_Docu>
<DOCU_Details- state="1" type="xml">
<DOC/>
</DOCU_Details->
</JOBS_CIT>
<JOBS_CIT AttrType="CIT" client="0100" name="SERVICENOW.INCIDENT.UPDATE" system="AUTOMIC">
<XHEADER state="1">
<Title>servicenow.Incident.UPDATE</Title>
<Created>jenn pm on: 2013-09-03 16:52:18</Created>
<Modified>becky pm on: 2013-10-17 13:24:58      3 x</Modified>
<LastUsed/>
<ArchiveKey1/>
<ArchiveKey2/>
<ExtRepDef>1</ExtRepDef>
<ExtRepAll>0</ExtRepAll>
<ExtRepNone>0</ExtRepNone>
<Active>1</Active>
<OH_SubType/>
</XHEADER>
<OUTPUTREG state="1" tidy="1">
<FileReg/>
</OUTPUTREG>
<SYNCREF state="1">
<Syncs/>
</SYNCREF>
<ATTR_JOBS state="1">
<Queue>CLIENT_QUEUE</Queue>
<StartType/>
<HostDst>CIT|RA_WEBSERVICE_3|HOST</HostDst>
<HostATTR_Type>CIT</HostATTR_Type>
<CodeName/>
<Login/>
<IntAccount/>
<AutoDeactNo>0</AutoDeactNo>
<AutoDeact1ErrorFree>0</AutoDeact1ErrorFree>
<AutoDeactErrorFree>0</AutoDeactErrorFree>
<DeactWhen/>
<DeactDelay>0</DeactDelay>
<AutoDeactAlways>1</AutoDeactAlways>
<AttDialog>0</AttDialog>
<ActAtRun>1</ActAtRun>
<Consumption>0</Consumption>
<UC4Priority>0</UC4Priority>
<MaxParallel2>0</MaxParallel2>
<MpElse1>0</MpElse1>
<MpElse2>0</MpElse2>
<TZ/>
</ATTR_JOBS>
<ATTR_CIT state="1">
<OutputDb>1</OutputDb>
<OutputDbErr>0</OutputDbErr>
<OutputFile>1</OutputFile>
<OptReportPLOG>1</OptReportPLOG>
<RequTaskParams>0</RequTaskParams>
</ATTR_CIT>
<CIT dirty="0" state="2">
<citcont agentname="RA_WEBSERVICE_3" jobtype="WEBSERVICE" text="REST Web Service">
<cit cittype="2" icon="" id="" subtype="REST" text="REST Web Service">
<component con="0" enc="0" type="2" value="" xmlName="connectTimeout"/>
<component con="0" enc="0" type="2" value="" xmlName="curl"/>
<component con="0" enc="0" type="2" value="false" xmlName="isCurl"/>
<component con="0" enc="0" type="2" value="false" xmlName="jobHeaders"/>
<component con="0" enc="0" type="2" value="false" xmlName="jobQuery"/>
<component con="0" enc="0" type="2" value="application/json" xmlName="mediaType"/>
<component con="0" enc="0" type="2" value="POST" xmlName="method"/>
<component con="0" enc="0" type="2" value="false" xmlName="multiPart"/>
<component con="0" enc="0" type="2" value="false" xmlName="multiPartResp"/>
<component con="0" enc="0" type="2" value="JSON" xmlName="query_0_0"/>
<component con="0" enc="0" type="2" value="" xmlName="query_0_1"/>
<component con="0" enc="0" type="2" value="sysparm_query" xmlName="query_1_0"/>
<component con="0" enc="0" type="2" value="sys_id=&amp;Sys_Id" xmlName="query_1_1"/>
<component con="0" enc="0" type="2" value="sysparm_action" xmlName="query_2_0"/>
<component con="0" enc="0" type="2" value="update" xmlName="query_2_1"/>
<component con="0" enc="0" type="2" value="" xmlName="request_part_0_file"/>
<component con="0" enc="0" type="2" value="application/json" xmlName="request_part_0_mediaType"/>
<component con="0" enc="0" type="2" value="text" xmlName="request_part_0_requestDataSource"/>
<component con="0" enc="0" type="2" value="A{&quot;short_description&quot;:&quot;updated by a job and priority dropped to 3&quot;,&quot;priority&quot;:&quot;3&quot;}" xmlName="request_part_0_requestTab_data_1"/>
<component con="0" enc="0" type="2" value="true" xmlName="requestReports"/>
<component con="0" enc="0" type="2" value="incident.do" xmlName="resource"/>
<component con="0" enc="0" type="2" value="" xmlName="response_part_0_file"/>
<component con="0" enc="0" type="2" value="true" xmlName="responseReport"/>
<component con="0" enc="0" type="2" value="" xmlName="responseTimeout"/>
<component con="0" enc="0" type="2" value="true" xmlName="responseToJobLog"/>
<component con="1" enc="0" type="2" value="CONN.SERVICENOW.REST" xmlName="restConnection"/>
<component con="0" enc="0" type="2" value="" xmlName="showGeneralJobPanel"/>
<component con="0" enc="0" type="2" value="false" xmlName="tracePerformance"/>
</cit>
<cit cittype="3" icon="" id="" subtype="GENERALJOBPANELDEF" text="General Job Panel"/>
</citcont>
</CIT>
<RUNTIME state="1">
<MaxRetCode>0</MaxRetCode>
<MrcExecute/>
<MrcElseE>0</MrcElseE>
<FcstStatus>0| </FcstStatus>
<Ert>1</Ert>
<ErtMethodDef>1</ErtMethodDef>
<ErtMethodFix>0</ErtMethodFix>
<ErtFix>0</ErtFix>
<ErtDynMethod>2|Average</ErtDynMethod>
<ErtMethodDyn>0</ErtMethodDyn>
<ErtCnt>0</ErtCnt>
<ErtCorr>0</ErtCorr>
<ErtIgn>0</ErtIgn>
<ErtIgnFlg>0</ErtIgnFlg>
<ErtMinCnt>0</ErtMinCnt>
<MrtMethodNone>1</MrtMethodNone>
<MrtMethodFix>0</MrtMethodFix>
<MrtFix>0</MrtFix>
<MrtMethodErt>0</MrtMethodErt>
<MrtErt>0</MrtErt>
<MrtMethodDate>0</MrtMethodDate>
<MrtDays>0</MrtDays>
<MrtTime>00:00</MrtTime>
<MrtTZ/>
<SrtMethodNone>1</SrtMethodNone>
<SrtMethodFix>0</SrtMethodFix>
<SrtFix>0</SrtFix>
<SrtMethodErt>0</SrtMethodErt>
<SrtErt>0</SrtErt>
<MrtCancel>0</MrtCancel>
<MrtExecute>0</MrtExecute>
<MrtExecuteObj/>
</RUNTIME>
<DYNVALUES state="1">
<dyntree>
<node content="1" id="VALUE" name="Variables" parent="" type="VALUE">
<VALUE state="1">
<Values/>
<Mode>0</Mode>
</VALUE>
</node>
</dyntree>
</DYNVALUES>
<ROLLBACK state="1" tidy="1">
<RollbackFlag>0</RollbackFlag>
<CBackupObj/>
<CRollbackObj/>
<FBackupPath/>
<FDeleteBefore>0</FDeleteBefore>
<FInclSubDirs>0</FInclSubDirs>
</ROLLBACK>
<PRE_SCRIPT mode="1" replacementmode="1" state="1" tidy="0">
<PSCRI><![CDATA[:PSET &Sys_Id = &SYSID
:PRINT Sys_Id is &Sys_Id]]></PSCRI>
</PRE_SCRIPT>
<SCRIPT mode="1" state="1" tidy="1">
<MSCRI/>
</SCRIPT>
<OUTPUTSCAN state="1">
<Inherit>N</Inherit>
<filterobjects/>
<HostFsc/>
<LoginFsc/>
</OUTPUTSCAN>
<POST_SCRIPT mode="1" replacementmode="1" state="1" tidy="1">
<OSCRI/>
</POST_SCRIPT>
<DOCU_Docu state="1" type="text">
<DOC/>
</DOCU_Docu>
<DOCU_Details- state="1" type="xml">
<DOC/>
</DOCU_Details->
</JOBS_CIT>
<JOBS_CIT AttrType="CIT" client="0100" name="SERVICENOW.INCIDENT.VERIFYEXISTSBYINCNUMBER" system="AUTOMIC">
<XHEADER state="1">
<Title>servicenow.job.Get.Incident</Title>
<Created>jenn pm on: 2013-09-03 16:52:16</Created>
<Modified>becky pm on: 2013-10-17 13:24:58      6 x</Modified>
<LastUsed/>
<ArchiveKey1/>
<ArchiveKey2/>
<ExtRepDef>1</ExtRepDef>
<ExtRepAll>0</ExtRepAll>
<ExtRepNone>0</ExtRepNone>
<Active>1</Active>
<OH_SubType/>
</XHEADER>
<OUTPUTREG state="1" tidy="1">
<FileReg/>
</OUTPUTREG>
<SYNCREF state="1">
<Syncs/>
</SYNCREF>
<ATTR_JOBS state="1">
<Queue>CLIENT_QUEUE</Queue>
<StartType/>
<HostDst>CIT|RA_WEBSERVICE_3|HOST</HostDst>
<HostATTR_Type>CIT</HostATTR_Type>
<CodeName/>
<Login/>
<IntAccount/>
<AutoDeactNo>0</AutoDeactNo>
<AutoDeact1ErrorFree>0</AutoDeact1ErrorFree>
<AutoDeactErrorFree>0</AutoDeactErrorFree>
<DeactWhen/>
<DeactDelay>0</DeactDelay>
<AutoDeactAlways>1</AutoDeactAlways>
<AttDialog>0</AttDialog>
<ActAtRun>0</ActAtRun>
<Consumption>0</Consumption>
<UC4Priority>0</UC4Priority>
<MaxParallel2>0</MaxParallel2>
<MpElse1>0</MpElse1>
<MpElse2>0</MpElse2>
<TZ/>
</ATTR_JOBS>
<ATTR_CIT state="1">
<OutputDb>1</OutputDb>
<OutputDbErr>0</OutputDbErr>
<OutputFile>1</OutputFile>
<OptReportPLOG>1</OptReportPLOG>
<RequTaskParams>0</RequTaskParams>
</ATTR_CIT>
<CIT dirty="0" state="2">
<citcont agentname="RA_WEBSERVICE_3" jobtype="WEBSERVICE" text="REST Web Service">
<cit cittype="2" icon="" id="" subtype="REST" text="REST Web Service">
<component con="0" enc="0" type="2" value="" xmlName="connectTimeout"/>
<component con="0" enc="0" type="2" value="" xmlName="curl"/>
<component con="0" enc="0" type="2" value="false" xmlName="isCurl"/>
<component con="0" enc="0" type="2" value="false" xmlName="jobHeaders"/>
<component con="0" enc="0" type="2" value="false" xmlName="jobQuery"/>
<component con="0" enc="0" type="2" value="" xmlName="mediaType"/>
<component con="0" enc="0" type="2" value="GET" xmlName="method"/>
<component con="0" enc="0" type="2" value="false" xmlName="multiPart"/>
<component con="0" enc="0" type="2" value="false" xmlName="multiPartResp"/>
<component con="0" enc="0" type="2" value="number" xmlName="query_0_0"/>
<component con="0" enc="0" type="2" value="INC0304581" xmlName="query_0_1"/>
<component con="0" enc="0" type="2" value="" xmlName="request_part_0_file"/>
<component con="0" enc="0" type="2" value="" xmlName="request_part_0_mediaType"/>
<component con="0" enc="0" type="2" value="true" xmlName="requestReports"/>
<component con="0" enc="0" type="2" value="incident.do" xmlName="resource"/>
<component con="0" enc="0" type="2" value="" xmlName="response_part_0_file"/>
<component con="0" enc="0" type="2" value="true" xmlName="responseReport"/>
<component con="0" enc="0" type="2" value="" xmlName="responseTimeout"/>
<component con="0" enc="0" type="2" value="true" xmlName="responseToJobLog"/>
<component con="1" enc="0" type="2" value="CONN.SERVICENOW.REST" xmlName="restConnection"/>
<component con="0" enc="0" type="2" value="" xmlName="showGeneralJobPanel"/>
<component con="0" enc="0" type="2" value="false" xmlName="tracePerformance"/>
</cit>
<cit cittype="3" icon="" id="" subtype="GENERALJOBPANELDEF" text="General Job Panel"/>
</citcont>
</CIT>
<RUNTIME state="1">
<MaxRetCode>0</MaxRetCode>
<MrcExecute/>
<MrcElseE>0</MrcElseE>
<FcstStatus>0| </FcstStatus>
<Ert>1</Ert>
<ErtMethodDef>1</ErtMethodDef>
<ErtMethodFix>0</ErtMethodFix>
<ErtFix>0</ErtFix>
<ErtDynMethod>2|Average</ErtDynMethod>
<ErtMethodDyn>0</ErtMethodDyn>
<ErtCnt>0</ErtCnt>
<ErtCorr>0</ErtCorr>
<ErtIgn>0</ErtIgn>
<ErtIgnFlg>0</ErtIgnFlg>
<ErtMinCnt>0</ErtMinCnt>
<MrtMethodNone>1</MrtMethodNone>
<MrtMethodFix>0</MrtMethodFix>
<MrtFix>0</MrtFix>
<MrtMethodErt>0</MrtMethodErt>
<MrtErt>0</MrtErt>
<MrtMethodDate>0</MrtMethodDate>
<MrtDays>0</MrtDays>
<MrtTime>00:00</MrtTime>
<MrtTZ/>
<SrtMethodNone>1</SrtMethodNone>
<SrtMethodFix>0</SrtMethodFix>
<SrtFix>0</SrtFix>
<SrtMethodErt>0</SrtMethodErt>
<SrtErt>0</SrtErt>
<MrtCancel>0</MrtCancel>
<MrtExecute>0</MrtExecute>
<MrtExecuteObj/>
</RUNTIME>
<DYNVALUES state="1">
<dyntree>
<node content="1" id="VALUE" name="Variables" parent="" type="VALUE">
<VALUE state="1">
<Values>
<row Name="&amp;SYSPARM_SYS_ID" Value="9d385017c611228701d22104cc95c371"/>
</Values>
<Mode>0</Mode>
</VALUE>
</node>
</dyntree>
</DYNVALUES>
<ROLLBACK state="1" tidy="1">
<RollbackFlag>0</RollbackFlag>
<CBackupObj/>
<CRollbackObj/>
<FBackupPath/>
<FDeleteBefore>0</FDeleteBefore>
<FInclSubDirs>0</FInclSubDirs>
</ROLLBACK>
<PRE_SCRIPT mode="1" replacementmode="1" state="1" tidy="1">
<PSCRI/>
</PRE_SCRIPT>
<SCRIPT mode="1" state="1" tidy="1">
<MSCRI/>
</SCRIPT>
<OUTPUTSCAN state="1">
<Inherit>N</Inherit>
<filterobjects/>
<HostFsc/>
<LoginFsc/>
</OUTPUTSCAN>
<POST_SCRIPT mode="1" replacementmode="1" state="1" tidy="1">
<OSCRI/>
</POST_SCRIPT>
<DOCU_Docu state="1" type="text">
<DOC/>
</DOCU_Docu>
<DOCU_Details- state="1" type="xml">
<DOC/>
</DOCU_Details->
</JOBS_CIT>
<JOBP AllowExternal="1" client="0100" name="SERVICENOW.WORKFLOW.CREATE.AND.DELETE" system="AUTOMIC">
<XHEADER state="1">
<Title>SERVICENOW.WORKFLOW.CREATE.AND.DELETE</Title>
<Created>jenn pm on: 2013-09-03 16:52:18</Created>
<Modified>jenn pm on: 2013-09-03 16:52:19      1 x</Modified>
<LastUsed/>
<ArchiveKey1/>
<ArchiveKey2/>
<ExtRepDef>1</ExtRepDef>
<ExtRepAll>0</ExtRepAll>
<ExtRepNone>0</ExtRepNone>
<Active>1</Active>
<OH_SubType/>
</XHEADER>
<SYNCREF state="1">
<Syncs/>
</SYNCREF>
<ATTR_JOBP state="1">
<Queue>CLIENT_QUEUE</Queue>
<ChildQueue/>
<StartType/>
<IntAccount/>
<AutoDeactNo>0</AutoDeactNo>
<AutoDeact1ErrorFree>0</AutoDeact1ErrorFree>
<AutoDeactErrorFree>1</AutoDeactErrorFree>
<DeactWhen/>
<AutoDeactAlways>0</AutoDeactAlways>
<DeactDelay>0</DeactDelay>
<ActAtRun>0</ActAtRun>
<UC4Priority>0</UC4Priority>
<MaxParallel2>0</MaxParallel2>
<ReuseHG>1</ReuseHG>
<MpElse1>1</MpElse1>
<MpElse2>0</MpElse2>
<TZ/>
<RWhen/>
<RExecute/>
<JPA_SubType/>
</ATTR_JOBP>
<JOBP state="1">
<JobpStruct mode="design">
<task Alias="" BranchType="0" Col="1" Idnr="0" Lnr="1" OH_TITLE="" OType="&lt;START&gt;" Object="START" ParentAlias="" ParentObject="" Row="1" State="" Text1="" Text2="" Text3="&lt;START&gt;" Text4="" Text5="" Text6="" runid="0" subType="" taskicon="&lt;START&gt;">
<checkpoint RollbackFlag="0" RunPerPatch="0" RunPerTarget="0" TcpADays="0" TcpATime="00:00" TcpATimeTZ="" TcpExecute="" TcpOn="0" promptatgen="0" showprompt="0"/>
<after ActFlg="1" AtimOn="0" ErlstStDays="0" ErlstStTime="00:00" ErlstStTimeTZ="" HoldFlg="0"/>
<when ChkWhenExec="0" LtstEnd="0" LtstEndDays="0" LtstEndTime="00:00" LtstSt="0" LtstStDays="0" LtstStTime="00:00" LtstTimeTZ="" WCTypeAND="1" WCTypeOR="0" WElseA="0" WElseH="0" WElseS="1" WElseX="0" WhenExecute="" WtimOn="0"/>
<preconditions CCTypeOne="1" CaleOn="0">
<PreCon>
<conditions id="CONDITIONS"/>
</PreCon>
</preconditions>
<predecessors/>
<runtime MrtCancel="0" MrtDays="0" MrtErt="0" MrtExecute="0" MrtExecuteObj="" MrtFix="0" MrtMethodDate="0" MrtMethodErt="0" MrtMethodFix="0" MrtMethodNone="1" MrtOn="1" MrtTZ="" MrtTime="00:00" SrtErt="0" SrtFix="0" SrtMethodErt="0" SrtMethodFix="0" SrtMethodNone="1"/>
<result ChkRExec="0" RElseHalt="0" RElseIgn="0" RElseJPAbend="0" RExecFlag="0" RExecute="" RRepMTimes="0" RRepOn="0" RRepWait="0" RWhen=""/>
<dynvalues>
<dyntree CCTypeOne="1" CaleOn="0">
<node content="1" id="VALUE" name="Variables" parent="" type="TASKVALUE">
<VALUE state="2">
<Values/>
<Mode>0</Mode>
</VALUE>
</node>
<node content="1" id="PVALUE" name="Parent Variables" parent="" type="TASKVALUE">
<VALUE state="2">
<Values/>
<Mode>0</Mode>
</VALUE>
</node>
<node content="1" id="PRPTS" name="PromptSets" parent="" pref="1" type="PROMPTSET"/>
<node content="0" id="PPRPTS" name="Parent PromptSets" parent="" type="PPROMPTSET"/>
</dyntree>
</dynvalues>
<CIT CCTypeOne="1" CaleOn="0"/>
<calendars CCTypeAll="0" CCTypeExt="0" CCTypeNone="0" CCTypeOne="1" CaleOn="0"/>
<postconditions CCTypeOne="1" CaleOn="0">
<PostCon>
<conditions id="CONDITIONS"/>
</PostCon>
</postconditions>
</task>
<task Alias="CREATE" BranchType="0" Col="2" Idnr="1033675" Lnr="2" OH_TITLE="servicenow.job.Insert.Incident" OType="JOBS" Object="SERVICENOW.CREATE.INCIDENT" ParentAlias="" ParentObject="" Row="1" State="" Text1="" Text2="" Text3="RA_WEBSERVICE_3|cit_s:_jobs_l" Text4="" Text5="" Text6="" runid="0" subType="" taskicon="RA_WEBSERVICE_3|cit_s:_jobs_l">
<checkpoint RollbackFlag="1" RunPerPatch="0" RunPerTarget="0" TcpADays="0" TcpATime="00:00" TcpATimeTZ="" TcpExecute="" TcpOn="0" promptatgen="0" showprompt="0"/>
<after ActFlg="1" AtimOn="0" ErlstStDays="0" ErlstStTime="00:00" ErlstStTimeTZ="" HoldFlg="0"/>
<when ChkWhenExec="0" LtstEnd="0" LtstEndDays="0" LtstEndTime="00:00" LtstSt="0" LtstStDays="0" LtstStTime="00:00" LtstTimeTZ="" WCTypeAND="1" WCTypeOR="0" WElseA="0" WElseH="1" WElseS="0" WElseX="0" WhenExecute="" WtimOn="0"/>
<preconditions CCTypeOne="1" CaleOn="0">
<PreCon>
<conditions id="CONDITIONS"/>
</PreCon>
</preconditions>
<predecessors>
<pre BranchType="0" Lnr="1" PreLnr="1" When="" type="container"/>
</predecessors>
<runtime MrtCancel="0" MrtDays="0" MrtErt="0" MrtExecute="0" MrtExecuteObj="" MrtFix="0" MrtMethodDate="0" MrtMethodErt="0" MrtMethodFix="0" MrtMethodNone="1" MrtOn="1" MrtTZ="" MrtTime="00:00" SrtErt="0" SrtFix="0" SrtMethodErt="0" SrtMethodFix="0" SrtMethodNone="1"/>
<result ChkRExec="0" RElseHalt="1" RElseIgn="0" RElseJPAbend="0" RExecFlag="0" RExecute="" RRepMTimes="0" RRepOn="0" RRepWait="0" RWhen=""/>
<dynvalues>
<dyntree CCTypeOne="1" CaleOn="0">
<node content="1" id="VALUE" name="Variables" parent="" type="TASKVALUE">
<VALUE state="2">
<Values/>
<Mode>0</Mode>
</VALUE>
</node>
<node content="1" id="PVALUE" name="Parent Variables" parent="" type="TASKVALUE">
<VALUE state="2">
<Values/>
<Mode>0</Mode>
</VALUE>
</node>
<node content="1" id="PRPTS" name="PromptSets" parent="" pref="1" type="PROMPTSET"/>
<node content="0" id="PPRPTS" name="Parent PromptSets" parent="" type="PPROMPTSET"/>
</dyntree>
</dynvalues>
<CIT>
<citcont agentname="RA_WEBSERVICE_3" jobtype="WEBSERVICE" text="Web Service">
<cit cittype="2" icon="" id="" subtype="REST" text="REST Web Service">
<component con="0" enc="0" type="2" value="WebService" xmlName="componentName"/>
<component con="0" enc="0" type="2" value="" xmlName="connectTimeout"/>
<component con="0" enc="0" type="2" value="" xmlName="curl"/>
<component con="0" enc="0" type="2" value="false" xmlName="isCurl"/>
<component con="0" enc="0" type="2" value="false" xmlName="jobHeaders"/>
<component con="0" enc="0" type="2" value="false" xmlName="jobQuery"/>
<component con="0" enc="0" type="2" value="application/json" xmlName="mediaType"/>
<component con="0" enc="0" type="2" value="POST" xmlName="method"/>
<component con="0" enc="0" type="2" value="false" xmlName="multiPart"/>
<component con="0" enc="0" type="2" value="false" xmlName="multiPartResp"/>
<component con="0" enc="0" type="2" value="JSON" xmlName="query_0_0"/>
<component con="0" enc="0" type="2" value="" xmlName="query_0_1"/>
<component con="0" enc="0" type="2" value="" xmlName="request_part_0_file"/>
<component con="0" enc="0" type="2" value="application/json" xmlName="request_part_0_mediaType"/>
<component con="0" enc="0" type="2" value="text" xmlName="request_part_0_requestDataSource"/>
<component con="0" enc="0" type="2" value="A{&quot;sysparm_action&quot;:&quot;insert&quot;,&quot;short_description&quot;:&quot;this is a test&quot;,&quot;priority&quot;:&quot;1&quot;}" xmlName="request_part_0_requestTab_data_1"/>
<component con="0" enc="0" type="2" value="true" xmlName="requestReports"/>
<component con="0" enc="0" type="2" value="incident.do" xmlName="resource"/>
<component con="0" enc="0" type="2" value="" xmlName="response_part_0_file"/>
<component con="0" enc="0" type="2" value="$.records[0].sys_id" xmlName="response_part_0_script_0_code_0"/>
<component con="0" enc="0" type="2" value="JSONPath" xmlName="response_part_0_script_0_queryType"/>
<component con="0" enc="0" type="2" value="Sysid" xmlName="response_part_0_script_0_resourceName"/>
<component con="0" enc="0" type="2" value="variable" xmlName="response_part_0_script_0_saveTo"/>
<component con="0" enc="0" type="2" value="true" xmlName="responseReport"/>
<component con="0" enc="0" type="2" value="" xmlName="responseTimeout"/>
<component con="0" enc="0" type="2" value="true" xmlName="responseToJobLog"/>
<component con="1" enc="0" type="2" value="CONN.SERVICENOW.REST" xmlName="restConnection"/>
<component con="0" enc="0" type="2" value="REST" xmlName="runType"/>
<component con="0" enc="0" type="2" value="" xmlName="showGeneralJobPanel"/>
<component con="0" enc="0" type="2" value="false" xmlName="tracePerformance"/>
</cit>
<cit cittype="3" icon="" id="" subtype="GENERALJOBPANELDEF" text="General Job Panel"/>
</citcont>
</CIT>
<calendars CCTypeAll="0" CCTypeExt="0" CCTypeNone="0" CCTypeOne="1" CaleOn="0"/>
<postconditions CCTypeOne="1" CaleOn="0">
<PostCon>
<conditions id="CONDITIONS"/>
</PostCon>
</postconditions>
</task>
<task Alias="DELETE" BranchType="0" Col="3" Idnr="1033680" Lnr="3" OH_TITLE="SERVICENOW.INCIDENT.DELETE" OType="JOBS" Object="SERVICENOW.INCIDENT.DELETE" ParentAlias="" ParentObject="" Row="1" State="" Text1="" Text2="" Text3="RA_WEBSERVICE_3|cit_s:_jobs_l" Text4="" Text5="" Text6="" runid="0" subType="" taskicon="RA_WEBSERVICE_3|cit_s:_jobs_l">
<checkpoint RollbackFlag="1" RunPerPatch="0" RunPerTarget="0" TcpADays="0" TcpATime="00:00" TcpATimeTZ="" TcpExecute="" TcpOn="0" promptatgen="0" showprompt="0"/>
<after ActFlg="1" AtimOn="0" ErlstStDays="0" ErlstStTime="00:00" ErlstStTimeTZ="" HoldFlg="0"/>
<when ChkWhenExec="0" LtstEnd="0" LtstEndDays="0" LtstEndTime="00:00" LtstSt="0" LtstStDays="0" LtstStTime="00:00" LtstTimeTZ="" WCTypeAND="1" WCTypeOR="0" WElseA="0" WElseH="1" WElseS="0" WElseX="0" WhenExecute="" WtimOn="0"/>
<preconditions CCTypeOne="1" CaleOn="0">
<PreCon>
<conditions id="CONDITIONS"/>
</PreCon>
</preconditions>
<predecessors>
<pre BranchType="0" Lnr="1" PreLnr="2" When="" type="container"/>
</predecessors>
<runtime MrtCancel="0" MrtDays="0" MrtErt="0" MrtExecute="0" MrtExecuteObj="" MrtFix="0" MrtMethodDate="0" MrtMethodErt="0" MrtMethodFix="0" MrtMethodNone="1" MrtOn="1" MrtTZ="" MrtTime="00:00" SrtErt="0" SrtFix="0" SrtMethodErt="0" SrtMethodFix="0" SrtMethodNone="1"/>
<result ChkRExec="0" RElseHalt="1" RElseIgn="0" RElseJPAbend="0" RExecFlag="0" RExecute="" RRepMTimes="0" RRepOn="0" RRepWait="0" RWhen=""/>
<dynvalues>
<dyntree CCTypeOne="1" CaleOn="0">
<node content="1" id="VALUE" name="Variables" parent="" type="TASKVALUE">
<VALUE state="2">
<Values/>
<Mode>0</Mode>
</VALUE>
</node>
<node content="1" id="PVALUE" name="Parent Variables" parent="" type="TASKVALUE">
<VALUE state="2">
<Values/>
<Mode>0</Mode>
</VALUE>
</node>
<node content="1" id="PRPTS" name="PromptSets" parent="" pref="1" type="PROMPTSET"/>
<node content="0" id="PPRPTS" name="Parent PromptSets" parent="" type="PPROMPTSET"/>
</dyntree>
</dynvalues>
<CIT>
<citcont agentname="RA_WEBSERVICE_3" jobtype="WEBSERVICE" text="Web Service">
<cit cittype="2" icon="" id="" subtype="REST" text="REST Web Service">
<component con="0" enc="0" type="2" value="WebService" xmlName="componentName"/>
<component con="0" enc="0" type="2" value="" xmlName="connectTimeout"/>
<component con="0" enc="0" type="2" value="" xmlName="curl"/>
<component con="0" enc="0" type="2" value="false" xmlName="isCurl"/>
<component con="0" enc="0" type="2" value="false" xmlName="jobHeaders"/>
<component con="0" enc="0" type="2" value="false" xmlName="jobQuery"/>
<component con="0" enc="0" type="2" value="application/json" xmlName="mediaType"/>
<component con="0" enc="0" type="2" value="POST" xmlName="method"/>
<component con="0" enc="0" type="2" value="false" xmlName="multiPart"/>
<component con="0" enc="0" type="2" value="false" xmlName="multiPartResp"/>
<component con="0" enc="0" type="2" value="JSON" xmlName="query_0_0"/>
<component con="0" enc="0" type="2" value="" xmlName="query_0_1"/>
<component con="0" enc="0" type="2" value="sysparm_sys_id" xmlName="query_1_0"/>
<component con="0" enc="0" type="2" value="&amp;Sys_Id" xmlName="query_1_1"/>
<component con="0" enc="0" type="2" value="sysparm_action" xmlName="query_2_0"/>
<component con="0" enc="0" type="2" value="deleteRecord" xmlName="query_2_1"/>
<component con="0" enc="0" type="2" value="" xmlName="request_part_0_file"/>
<component con="0" enc="0" type="2" value="application/json" xmlName="request_part_0_mediaType"/>
<component con="0" enc="0" type="2" value="text" xmlName="request_part_0_requestDataSource"/>
<component con="0" enc="0" type="2" value="true" xmlName="requestReports"/>
<component con="0" enc="0" type="2" value="incident.do" xmlName="resource"/>
<component con="0" enc="0" type="2" value="" xmlName="response_part_0_file"/>
<component con="0" enc="0" type="2" value="true" xmlName="responseReport"/>
<component con="0" enc="0" type="2" value="" xmlName="responseTimeout"/>
<component con="0" enc="0" type="2" value="true" xmlName="responseToJobLog"/>
<component con="1" enc="0" type="2" value="CONN.SERVICENOW.REST" xmlName="restConnection"/>
<component con="0" enc="0" type="2" value="REST" xmlName="runType"/>
<component con="0" enc="0" type="2" value="" xmlName="showGeneralJobPanel"/>
<component con="0" enc="0" type="2" value="false" xmlName="tracePerformance"/>
</cit>
<cit cittype="3" icon="" id="" subtype="GENERALJOBPANELDEF" text="General Job Panel"/>
</citcont>
</CIT>
<calendars CCTypeAll="0" CCTypeExt="0" CCTypeNone="0" CCTypeOne="1" CaleOn="0"/>
<postconditions CCTypeOne="1" CaleOn="0">
<PostCon>
<conditions id="CONDITIONS"/>
</PostCon>
</postconditions>
</task>
<task Alias="" BranchType="0" Col="4" Idnr="0" Lnr="4" OH_TITLE="" OType="&lt;END&gt;" Object="END" ParentAlias="" ParentObject="" Row="1" State="" Text1="" Text2="" Text3="&lt;END&gt;" Text4="" Text5="" Text6="" runid="0" subType="" taskicon="&lt;END&gt;">
<checkpoint RollbackFlag="0" RunPerPatch="0" RunPerTarget="0" TcpADays="0" TcpATime="00:00" TcpATimeTZ="" TcpExecute="" TcpOn="0" promptatgen="0" showprompt="0"/>
<after ActFlg="1" AtimOn="0" ErlstStDays="0" ErlstStTime="00:00" ErlstStTimeTZ="" HoldFlg="0"/>
<when ChkWhenExec="0" LtstEnd="0" LtstEndDays="0" LtstEndTime="00:00" LtstSt="0" LtstStDays="0" LtstStTime="00:00" LtstTimeTZ="" WCTypeAND="1" WCTypeOR="0" WElseA="0" WElseH="1" WElseS="0" WElseX="0" WhenExecute="" WtimOn="0"/>
<preconditions CCTypeOne="1" CaleOn="0">
<PreCon>
<conditions id="CONDITIONS"/>
</PreCon>
</preconditions>
<predecessors>
<pre BranchType="0" Lnr="1" PreLnr="3" When="" type="container"/>
</predecessors>
<runtime MrtCancel="0" MrtDays="0" MrtErt="0" MrtExecute="0" MrtExecuteObj="" MrtFix="0" MrtMethodDate="0" MrtMethodErt="0" MrtMethodFix="0" MrtMethodNone="1" MrtOn="1" MrtTZ="" MrtTime="00:00" SrtErt="0" SrtFix="0" SrtMethodErt="0" SrtMethodFix="0" SrtMethodNone="1"/>
<result ChkRExec="0" RElseHalt="0" RElseIgn="0" RElseJPAbend="0" RExecFlag="0" RExecute="" RRepMTimes="0" RRepOn="0" RRepWait="0" RWhen=""/>
<dynvalues>
<dyntree CCTypeOne="1" CaleOn="0">
<node content="1" id="VALUE" name="Variables" parent="" type="TASKVALUE">
<VALUE state="2">
<Values/>
<Mode>0</Mode>
</VALUE>
</node>
<node content="1" id="PVALUE" name="Parent Variables" parent="" type="TASKVALUE">
<VALUE state="2">
<Values/>
<Mode>0</Mode>
</VALUE>
</node>
<node content="1" id="PRPTS" name="PromptSets" parent="" pref="1" type="PROMPTSET"/>
<node content="0" id="PPRPTS" name="Parent PromptSets" parent="" type="PPROMPTSET"/>
</dyntree>
</dynvalues>
<CIT CCTypeOne="1" CaleOn="0"/>
<calendars CCTypeAll="0" CCTypeExt="0" CCTypeNone="0" CCTypeOne="1" CaleOn="0"/>
<postconditions CCTypeOne="1" CaleOn="0">
<PostCon>
<conditions id="CONDITIONS"/>
</PostCon>
</postconditions>
</task>
<OPTIONS/>
</JobpStruct>
</JOBP>
<RUNTIME state="1">
<MaxRetCode>0</MaxRetCode>
<MrcExecute/>
<MrcElseE>0</MrcElseE>
<FcstStatus>0| </FcstStatus>
<Ert>9</Ert>
<ErtMethodDef>1</ErtMethodDef>
<ErtMethodFix>0</ErtMethodFix>
<ErtFix>0</ErtFix>
<ErtDynMethod>2|Average</ErtDynMethod>
<ErtMethodDyn>0</ErtMethodDyn>
<ErtCnt>0</ErtCnt>
<ErtCorr>0</ErtCorr>
<ErtIgn>0</ErtIgn>
<ErtIgnFlg>0</ErtIgnFlg>
<ErtMinCnt>0</ErtMinCnt>
<MrtMethodNone>1</MrtMethodNone>
<MrtMethodFix>0</MrtMethodFix>
<MrtFix>0</MrtFix>
<MrtMethodErt>0</MrtMethodErt>
<MrtErt>0</MrtErt>
<MrtMethodDate>0</MrtMethodDate>
<MrtDays>0</MrtDays>
<MrtTime>00:00</MrtTime>
<MrtTZ/>
<SrtMethodNone>1</SrtMethodNone>
<SrtMethodFix>0</SrtMethodFix>
<SrtFix>0</SrtFix>
<SrtMethodErt>0</SrtMethodErt>
<SrtErt>0</SrtErt>
<MrtCancel>0</MrtCancel>
<MrtExecute>0</MrtExecute>
<MrtExecuteObj/>
</RUNTIME>
<DYNVALUES state="1">
<dyntree>
<node content="1" id="VALUE" name="Variables" parent="" type="VALUE">
<VALUE state="1">
<Values/>
<Mode>0</Mode>
</VALUE>
</node>
</dyntree>
</DYNVALUES>
<DEPLOYMENT state="1" tidy="1">
<DeploymentFlag>0</DeploymentFlag>
<WFTypeA>1</WFTypeA>
<WFTypeC>0</WFTypeC>
<AppName/>
<WFName/>
<ComponentName/>
</DEPLOYMENT>
<ROLLBACK state="1" tidy="1">
<RollbackFlag>0</RollbackFlag>
<CBackupObj/>
<CRollbackObj/>
<FBackupPath/>
<FDeleteBefore>0</FDeleteBefore>
<FInclSubDirs>0</FInclSubDirs>
</ROLLBACK>
<SCRIPT mode="1" state="1" tidy="1">
<MSCRI/>
</SCRIPT>
<DOCU_Docu state="1" type="text">
<DOC/>
</DOCU_Docu>
</JOBP>
</uc-export>
